[
    {
        "text": "9 years at sarna kulkarni and char",
        "bbox": [
            948,
            1113,
            2218,
            1224
        ]
    },
    {
        "text": "8/23/1978",
        "bbox": [
            886,
            604,
            1236,
            694
        ]
    },
    {
        "text": "azad shanker - 9038170595",
        "bbox": [
            942,
            2161,
            1893,
            2260
        ]
    },
    {
        "text": "44, ramesh circle, naihati-600804",
        "bbox": [
            849,
            1286,
            2075,
            1410
        ]
    },
    {
        "text": "jeevika kapadia - 7151820125",
        "bbox": [
            930,
            2026,
            1953,
            2123
        ]
    },
    {
        "text": "jagvi bhatt",
        "bbox": [
            888,
            421,
            1269,
            512
        ]
    },
    {
        "text": "h.no. 83, cherian path, nashik 707603",
        "bbox": [
            848,
            1504,
            2227,
            1616
        ]
    },
    {
        "text": "10th pass",
        "bbox": [
            887,
            704,
            1224,
            779
        ]
    },
    {
        "text": "naksh bhat",
        "bbox": [
            890,
            519,
            1306,
            599
        ]
    },
    {
        "text": "01-01-2023",
        "bbox": [
            555,
            2540,
            912,
            2622
        ]
    },
    {
        "text": "married",
        "bbox": [
            886,
            793,
            1164,
            876
        ]
    },
    {
        "text": "243000000000.0",
        "bbox": [
            577,
            2360,
            1034,
            2435
        ]
    },
    {
        "text": "jaipur",
        "bbox": [
            565,
            2450,
            842,
            2529
        ]
    },
    {
        "text": "2 years at bumb-taneja",
        "bbox": [
            943,
            1012,
            1788,
            1095
        ]
    },
    {
        "text": "7336235181",
        "bbox": [
            1860,
            1780,
            2269,
            1871
        ]
    },
    {
        "text": "indian",
        "bbox": [
            1813,
            913,
            2111,
            1002
        ]
    },
    {
        "text": "hindi, kannada, english",
        "bbox": [
            879,
            1908,
            1662,
            2011
        ]
    },
    {
        "text": "female",
        "bbox": [
            1803,
            803,
            2084,
            893
        ]
    },
    {
        "text": "b-",
        "bbox": [
            881,
            913,
            1019,
            994
        ]
    },
    {
        "text": "9498817714",
        "bbox": [
            877,
            1780,
            1250,
            1871
        ]
    },
    {
        "text": "b-",
        "bbox": [
            883,
            903,
            1056,
            990
        ]
    },
    {
        "text": "h.no. 83, cherian path, nashik 713770",
        "bbox": [
            892,
            1507,
            1981,
            1605
        ]
    }
]