[
    {
        "text": "47, ahluwalia road, uluberia-375016",
        "bbox": [
            840,
            1270,
            2126,
            1408
        ]
    },
    {
        "text": "h.no. 70, srinivasan road, rajkot 372873",
        "bbox": [
            848,
            1518,
            2193,
            1652
        ]
    },
    {
        "text": "7 years at rastogi-shan",
        "bbox": [
            970,
            1115,
            1781,
            1231
        ]
    },
    {
        "text": "5 years at naik inc",
        "bbox": [
            949,
            1011,
            1672,
            1101
        ]
    },
    {
        "text": "6/28/2006",
        "bbox": [
            872,
            618,
            1202,
            695
        ]
    },
    {
        "text": "samar mistry",
        "bbox": [
            882,
            519,
            1345,
            606
        ]
    },
    {
        "text": "post-graduate",
        "bbox": [
            879,
            708,
            1300,
            792
        ]
    },
    {
        "text": "samar mistry",
        "bbox": [
            871,
            428,
            1338,
            521
        ]
    },
    {
        "text": "radha kulkarni - 9860380291",
        "bbox": [
            924,
            2162,
            1747,
            2259
        ]
    },
    {
        "text": "english, hindi",
        "bbox": [
            862,
            1920,
            1285,
            2025
        ]
    },
    {
        "text": "vrinda rattan - 8882983193",
        "bbox": [
            932,
            2026,
            1748,
            2116
        ]
    },
    {
        "text": "2/10/2025",
        "bbox": [
            529,
            2539,
            880,
            2624
        ]
    },
    {
        "text": "patna",
        "bbox": [
            533,
            2447,
            765,
            2527
        ]
    },
    {
        "text": "single",
        "bbox": [
            868,
            814,
            1093,
            911
        ]
    },
    {
        "text": "indian",
        "bbox": [
            1821,
            908,
            2085,
            1011
        ]
    },
    {
        "text": "8015803064",
        "bbox": [
            1844,
            1784,
            2210,
            1880
        ]
    },
    {
        "text": "male",
        "bbox": [
            1742,
            816,
            1928,
            891
        ]
    },
    {
        "text": "a-",
        "bbox": [
            873,
            922,
            1009,
            1014
        ]
    },
    {
        "text": "7312187388",
        "bbox": [
            866,
            1771,
            1248,
            1865
        ]
    },
    {
        "text": "male",
        "bbox": [
            1733,
            819,
            1979,
            897
        ]
    }
]