[
    {
        "text": "74, varghese path, srinagar 206248",
        "bbox": [
            832,
            1507,
            2128,
            1611
        ]
    },
    {
        "text": "wriddhish dubey",
        "bbox": [
            858,
            506,
            1455,
            592
        ]
    },
    {
        "text": "yadavi dayal - 9834477399",
        "bbox": [
            929,
            2029,
            1944,
            2119
        ]
    },
    {
        "text": "801, bhakta circle, nagercoil 741260",
        "bbox": [
            854,
            1245,
            2109,
            1340
        ]
    },
    {
        "text": "post-graduate",
        "bbox": [
            844,
            704,
            1335,
            782
        ]
    },
    {
        "text": "pranit dubey",
        "bbox": [
            862,
            417,
            1315,
            500
        ]
    },
    {
        "text": "8/12/2022",
        "bbox": [
            537,
            2543,
            884,
            2625
        ]
    },
    {
        "text": "432000000000.0",
        "bbox": [
            561,
            2365,
            1037,
            2439
        ]
    },
    {
        "text": "naveen dhar - 9947252462",
        "bbox": [
            924,
            2169,
            1920,
            2266
        ]
    },
    {
        "text": "itanagar",
        "bbox": [
            549,
            2447,
            880,
            2531
        ]
    },
    {
        "text": "08 years at dara, korpal and iyer",
        "bbox": [
            893,
            1115,
            2036,
            1212
        ]
    },
    {
        "text": "8774189348",
        "bbox": [
            1835,
            1778,
            2272,
            1865
        ]
    },
    {
        "text": "gujarati, bengali, english, malayalam",
        "bbox": [
            854,
            1918,
            2036,
            2017
        ]
    },
    {
        "text": "2/14/1978",
        "bbox": [
            844,
            611,
            1201,
            682
        ]
    },
    {
        "text": "1 years at dube chada and dhaliwal",
        "bbox": [
            961,
            1018,
            2073,
            1091
        ]
    },
    {
        "text": "married",
        "bbox": [
            853,
            811,
            1129,
            886
        ]
    },
    {
        "text": "8346450753",
        "bbox": [
            863,
            1781,
            1317,
            1859
        ]
    },
    {
        "text": "indian",
        "bbox": [
            1833,
            919,
            2080,
            992
        ]
    },
    {
        "text": "male",
        "bbox": [
            1838,
            813,
            2070,
            888
        ]
    },
    {
        "text": "o+",
        "bbox": [
            842,
            911,
            999,
            990
        ]
    },
    {
        "text": "o+",
        "bbox": [
            820,
            910,
            1027,
            1001
        ]
    },
    {
        "text": "male",
        "bbox": [
            1829,
            832,
            2085,
            946
        ]
    }
]