[
    {
        "text": "3 years at jain-nayak",
        "bbox": [
            976,
            1016,
            1654,
            1086
        ]
    },
    {
        "text": "anusha chad - 9886469770",
        "bbox": [
            922,
            2164,
            1758,
            2255
        ]
    },
    {
        "text": "hemani koshy - 7644568610",
        "bbox": [
            928,
            2027,
            1795,
            2117
        ]
    },
    {
        "text": "chakradhar chand",
        "bbox": [
            871,
            415,
            1417,
            484
        ]
    },
    {
        "text": "9550691501",
        "bbox": [
            1843,
            1788,
            2190,
            1870
        ]
    },
    {
        "text": "10/28/2024",
        "bbox": [
            553,
            2549,
            868,
            2618
        ]
    },
    {
        "text": "1 years at deshmukh plc",
        "bbox": [
            975,
            1130,
            1766,
            1207
        ]
    },
    {
        "text": "gujarati, kannada, marathi, english",
        "bbox": [
            855,
            1929,
            1952,
            2018
        ]
    },
    {
        "text": "raipur",
        "bbox": [
            541,
            2452,
            779,
            2525
        ]
    },
    {
        "text": "62/07, jha zila, fatehpur 854079",
        "bbox": [
            875,
            1514,
            1947,
            1618
        ]
    },
    {
        "text": "756000000000.0",
        "bbox": [
            583,
            2362,
            997,
            2431
        ]
    },
    {
        "text": "married",
        "bbox": [
            873,
            811,
            1125,
            874
        ]
    },
    {
        "text": "ryan chand",
        "bbox": [
            876,
            513,
            1250,
            583
        ]
    },
    {
        "text": "8916591103",
        "bbox": [
            864,
            1785,
            1236,
            1866
        ]
    },
    {
        "text": "male",
        "bbox": [
            1745,
            817,
            1923,
            885
        ]
    },
    {
        "text": "918, iyer chowk, mau-727513",
        "bbox": [
            872,
            1270,
            1794,
            1365
        ]
    },
    {
        "text": "indian",
        "bbox": [
            1802,
            919,
            2032,
            990
        ]
    },
    {
        "text": "7/2/1970",
        "bbox": [
            872,
            603,
            1157,
            682
        ]
    },
    {
        "text": "phd",
        "bbox": [
            874,
            707,
            1031,
            782
        ]
    },
    {
        "text": "o+",
        "bbox": [
            876,
            914,
            960,
            976
        ]
    }
]