[
    {
        "text": "7 years at deshpande mutti and warrior",
        "bbox": [
            963,
            1036,
            2329,
            1141
        ]
    },
    {
        "text": "19, batta street, adoni 637755",
        "bbox": [
            862,
            1532,
            2057,
            1662
        ]
    },
    {
        "text": "saxenvi mishra - 8219967807",
        "bbox": [
            957,
            2051,
            2001,
            2159
        ]
    },
    {
        "text": "9168301004",
        "bbox": [
            1847,
            1791,
            2259,
            1890
        ]
    },
    {
        "text": "post-graduate",
        "bbox": [
            887,
            725,
            1423,
            815
        ]
    },
    {
        "text": "english, marathi, kannada",
        "bbox": [
            878,
            1936,
            1778,
            2038
        ]
    },
    {
        "text": "yatin mannan",
        "bbox": [
            888,
            533,
            1380,
            617
        ]
    },
    {
        "text": "idzef8760d",
        "bbox": [
            1619,
            2379,
            2107,
            2481
        ]
    },
    {
        "text": "h.no. 501, rajagopal zila, lucknow-684967",
        "bbox": [
            865,
            1275,
            2320,
            1414
        ]
    },
    {
        "text": "fariq mannan",
        "bbox": [
            889,
            431,
            1361,
            516
        ]
    },
    {
        "text": "7 years at parikh-tara",
        "bbox": [
            976,
            1148,
            1855,
            1238
        ]
    },
    {
        "text": "married",
        "bbox": [
            903,
            829,
            1222,
            921
        ]
    },
    {
        "text": "hemang gulati - 8688385542",
        "bbox": [
            972,
            2181,
            2048,
            2289
        ]
    },
    {
        "text": "1/6/2023",
        "bbox": [
            591,
            2562,
            1029,
            2650
        ]
    },
    {
        "text": "9/30/1987",
        "bbox": [
            885,
            630,
            1281,
            713
        ]
    },
    {
        "text": "bengaluru",
        "bbox": [
            600,
            2470,
            978,
            2556
        ]
    },
    {
        "text": "7194887640",
        "bbox": [
            870,
            1802,
            1335,
            1911
        ]
    },
    {
        "text": "male",
        "bbox": [
            1740,
            824,
            1964,
            907
        ]
    },
    {
        "text": "indian",
        "bbox": [
            1824,
            925,
            2103,
            1012
        ]
    },
    {
        "text": "b-",
        "bbox": [
            905,
            940,
            1039,
            1016
        ]
    },
    {
        "text": "male",
        "bbox": [
            1734,
            822,
            2033,
            913
        ]
    },
    {
        "text": "b-",
        "bbox": [
            903,
            930,
            1073,
            1020
        ]
    }
]